{"cameraMode":{"drawMode":0,"name":"Shaded","section":"Shading Mode"},"sceneLighting":true,"audioPlay":false,"sceneViewState":{"m_AlwaysRefresh":false,"showFog":true,"showSkybox":true,"showFlares":true,"showImageEffects":true,"showParticleSystems":true,"showVisualEffectGraphs":true,"m_FxEnabled":true},"in2DMode":false,"pivot":{"x":0.06481046229600907,"y":-1.8136059045791627,"z":-0.7181192636489868},"rotation":{"x":-0.29612109065055849,"y":0.6455565690994263,"z":-0.3002225458621979,"w":-0.6367303729057312},"size":9.064956665039063,"orthographic":false}